Name,Status
Olga,Approved
Kaye,Approved
Shafira,Rejected
Karen,Rejected
Stewart,Approved
Chanda,Rejected
Dominic,Rejected
Jacob,Rejected
Kimberley,Rejected
Scott,Approved
Gary,Rejected
Josephine,Approved
Quintessa,Approved
May,Approved
Kane,Approved
Mark,Rejected
Basil,Approved
Emerald,Approved
Isaiah,Rejected
Neve,Approved
Roth,Rejected
Cade,Approved
Dieter,Approved
Allen,Rejected
Glenna,Approved
Ali,Rejected
Odessa,Approved
Driscoll,Rejected
Mallory,Rejected
Serina,Approved
Driscoll,Approved
Veda,Rejected
Montana,Approved
Emma,Approved
Plato,Rejected
Len,Approved
Haley,Rejected
Mason,Rejected
Eric,Rejected
Aquila,Rejected
Regan,Approved
Bert,Approved
Guinevere,Rejected
Suki,Approved
Uriah,Rejected
Rashad,Approved
Graiden,Rejected
Beatrice,Rejected
Maile,Approved
Alexa,Approved
Chester,Approved
Logan,Rejected
Scarlett,Approved
Trevor,Rejected
Steven,Approved
Adara,Approved
Linus,Rejected
Murphy,Approved
Uriah,Rejected
Vaughan,Rejected
Jessica,Approved
Breanna,Approved
Kane,Rejected
Phyllis,Rejected
Macon,Rejected
Jasper,Approved
Tiger,Rejected
Jackson,Rejected
Yvonne,Approved
Sage,Rejected
Kelsie,Approved
Idona,Approved
Shoshana,Rejected
Noble,Approved
Dominic,Approved
Hashim,Approved
Ramona,Approved
Cecilia,Approved
Florence,Rejected
Florence,Rejected
Howard,Rejected
Rana,Rejected
Ira,Approved
Bethany,Approved
Zeus,Approved
Dexter,Approved
Zelda,Rejected
Hyacinth,Rejected
Todd,Approved
Maxine,Rejected
Eric,Rejected
Dahlia,Approved
Leonard,Approved
Blair,Approved
Kaitlin,Approved
Cecilia,Rejected
Claire,Approved
Felicia,Approved
Wade,Approved
Leah,Approved
Candence,Approved
Matty,Approved
Eliza,Rejected
Candence,Approved
Matty,Approved
Eliza,Rejected
